Location,Order
India,Good
India,Good
India,Good
India,Good
India,Good
India,Good
India,Good
India,Good
India,Good
India,Defective
India,Good
India,Good
India,Good
India,Good
India,Good
India,Good
India,Good
India,Good
India,Good
India,Good
India,Good
India,Good
India,Good
India,Good
India,Good
India,Good
India,Good
India,Good
India,Good
India,Good
India,Good
India,Good
India,Good
India,Good
India,Good
India,Good
India,Good
India,Good
India,Good
India,Good
India,Good
India,Good
India,Good
India,Good
India,Good
India,Good
India,Good
India,Good
India,Good
India,Good
India,Good
India,Good
India,Good
India,Good
India,Good
India,Good
India,Good
India,Good
India,Good
India,Good
India,Good
India,Good
India,Good
India,Good
India,Good
India,Good
India,Good
India,Good
India,Good
India,Good
India,Good
India,Good
India,Good
India,Good
India,Good
India,Good
India,Good
India,Good
India,Good
India,Good
India,Good
India,Good
India,Good
India,Good
India,Good
India,Good
India,Good
India,Good
India,Good
India,Good
India,Good
India,Good
India,Good
India,Good
India,Good
India,Good
India,Good
India,Good
India,Good
India,Good
India,Good
India,Good
India,Good
India,Good
India,Good
India,Good
India,Good
India,Good
India,Good
India,Good
India,Good
India,Defective
India,Good
India,Good
India,Good
India,Good
India,Good
India,Good
India,Good
India,Good
India,Good
India,Good
India,Good
India,Good
India,Good
India,Good
India,Good
India,Good
India,Good
India,Good
India,Good
India,Good
India,Good
India,Good
India,Good
India,Good
India,Good
India,Good
India,Good
India,Good
India,Good
India,Good
India,Good
India,Good
India,Good
India,Good
India,Good
India,Good
India,Good
India,Good
India,Good
India,Good
India,Good
India,Good
India,Good
India,Good
India,Good
India,Good
India,Good
India,Good
India,Good
India,Good
India,Good
India,Good
India,Good
India,Good
India,Good
India,Good
India,Good
India,Good
India,Good
India,Good
India,Good
India,Good
India,Good
India,Good
India,Good
India,Good
India,Good
India,Good
India,Good
India,Good
India,Good
India,Good
India,Good
India,Good
India,Good
India,Good
India,Good
India,Good
India,Good
India,Good
India,Good
India,Good
India,Good
India,Good
India,Good
India,Good
India,Good
India,Good
India,Good
India,Good
India,Good
India,Good
India,Good
India,Good
India,Good
India,Good
India,Good
India,Good
India,Good
India,Good
India,Good
India,Good
India,Good
India,Good
India,Good
India,Good
India,Good
India,Defective
India,Good
India,Good
India,Good
India,Good
India,Good
India,Good
India,Good
India,Good
India,Good
India,Good
India,Good
India,Good
India,Good
India,Good
India,Good
India,Good
India,Good
India,Good
India,Good
India,Good
India,Good
India,Good
India,Good
India,Good
India,Good
India,Good
India,Good
India,Good
India,Good
India,Good
India,Good
India,Good
India,Good
India,Good
India,Good
India,Good
India,Good
India,Good
India,Good
India,Good
India,Good
India,Good
India,Good
India,Good
India,Good
India,Good
India,Good
India,Good
India,Good
India,Good
India,Good
India,Good
India,Good
India,Good
India,Good
India,Good
India,Good
India,Good
India,Good
India,Good
India,Good
India,Good
India,Good
India,Good
India,Good
India,Good
India,Good
India,Good
India,Good
India,Good
India,Good
India,Good
India,Good
India,Good
India,Good
India,Good
India,Good
India,Good
India,Good
India,Good
India,Good
India,Good
India,Good
India,Good
India,Good
India,Good
India,Good
India,Good
India,Good
India,Good
India,Good
India,Good
India,Good
India,Good
India,Good
India,Good
India,Good
India,Good
India,Good
India,Good
India,Good
India,Good
India,Good
India,Good
India,Good
India,Good
India,Good
India,Good
India,Good
India,Good
India,Good
India,Good
India,Good
India,Good
India,Good
India,Good
India,Good
India,Good
India,Good
India,Good
India,Good
India,Good
India,Good
India,Good
India,Good
India,Good
India,Good
India,Good
India,Good
India,Good
India,Good
India,Good
India,Good
India,Good
India,Good
India,Good
India,Good
India,Good
India,Good
India,Good
India,Good
India,Good
India,Good
India,Good
India,Good
India,Good
India,Good
India,Good
India,Good
India,Good
India,Good
India,Good
India,Good
India,Good
India,Defective
India,Good
India,Good
India,Good
India,Good
India,Good
India,Good
India,Good
India,Good
India,Good
India,Good
India,Good
India,Good
India,Good
India,Good
India,Good
India,Good
India,Good
India,Good
India,Good
India,Good
India,Good
India,Good
India,Good
India,Good
India,Good
India,Good
India,Good
India,Good
India,Good
India,Good
India,Good
India,Good
India,Good
India,Good
India,Good
India,Good
India,Good
India,Good
India,Good
India,Good
India,Good
India,Good
India,Good
India,Good
India,Good
India,Good
India,Good
India,Good
India,Good
India,Good
India,Good
India,Good
India,Good
India,Good
India,Good
India,Good
India,Good
India,Good
India,Good
India,Good
India,Good
India,Good
India,Good
India,Good
India,Good
India,Good
India,Good
India,Good
India,Good
India,Good
India,Good
India,Good
India,Good
India,Good
India,Good
India,Good
India,Good
India,Good
India,Good
India,Good
India,Good
India,Good
India,Good
India,Good
India,Good
India,Good
India,Good
India,Good
India,Good
India,Defective
India,Good
India,Good
India,Good
India,Good
India,Good
India,Good
India,Good
India,Good
India,Good
India,Good
India,Good
India,Good
India,Good
India,Good
India,Good
India,Good
India,Good
India,Good
India,Good
India,Good
India,Good
India,Good
India,Good
India,Good
India,Good
India,Good
India,Good
India,Good
India,Good
India,Good
India,Good
India,Good
India,Good
India,Good
India,Good
India,Good
India,Good
India,Good
India,Good
India,Good
India,Good
India,Good
India,Good
India,Good
India,Good
India,Good
India,Good
India,Good
India,Good
India,Good
India,Good
India,Good
India,Good
India,Good
India,Good
India,Good
India,Good
India,Good
India,Good
India,Good
India,Good
India,Good
India,Good
India,Good
India,Good
India,Good
India,Good
India,Good
India,Good
India,Good
India,Good
India,Good
India,Good
India,Good
India,Good
India,Good
India,Good
India,Good
India,Good
India,Good
India,Good
India,Good
India,Good
India,Good
India,Good
India,Defective
India,Good
India,Good
India,Good
India,Good
India,Good
India,Good
Manila,Good
Manila,Good
Manila,Good
Manila,Good
Manila,Good
Manila,Good
Manila,Good
Manila,Good
Manila,Good
Manila,Good
Manila,Good
Manila,Good
Manila,Good
Manila,Good
Manila,Good
Manila,Good
Manila,Good
Manila,Good
Manila,Good
Manila,Good
Manila,Good
Manila,Good
Manila,Good
Manila,Good
Manila,Good
Manila,Good
Manila,Good
Manila,Good
Manila,Defective
Manila,Good
Manila,Good
Manila,Good
Manila,Good
Manila,Good
Manila,Good
Manila,Good
Manila,Good
Manila,Good
Manila,Good
Manila,Defective
Manila,Defective
Manila,Good
Manila,Good
Manila,Good
Manila,Good
Manila,Good
Manila,Good
Manila,Good
Manila,Good
Manila,Good
Manila,Good
Manila,Good
Manila,Good
Manila,Good
Manila,Good
Manila,Good
Manila,Good
Manila,Good
Manila,Good
Manila,Good
Manila,Good
Manila,Good
Manila,Good
Manila,Good
Manila,Good
Manila,Good
Manila,Defective
Manila,Good
Manila,Good
Manila,Good
Manila,Good
Manila,Good
Manila,Good
Manila,Good
Manila,Good
Manila,Good
Manila,Good
Manila,Good
Manila,Good
Manila,Good
Manila,Good
Manila,Good
Manila,Good
Manila,Good
Manila,Good
Manila,Good
Manila,Good
Manila,Good
Manila,Good
Manila,Good
Manila,Good
Manila,Good
Manila,Good
Manila,Good
Manila,Good
Manila,Good
Manila,Good
Manila,Good
Manila,Good
Manila,Good
Manila,Good
Manila,Good
Manila,Good
Manila,Good
Manila,Good
Manila,Good
Manila,Good
Manila,Good
Manila,Good
Manila,Good
Manila,Good
Manila,Good
Manila,Defective
Manila,Good
Manila,Good
Manila,Good
Manila,Good
Manila,Good
Manila,Good
Manila,Good
Manila,Good
Manila,Good
Manila,Good
Manila,Good
Manila,Good
Manila,Good
Manila,Good
Manila,Good
Manila,Good
Manila,Good
Manila,Good
Manila,Good
Manila,Good
Manila,Good
Manila,Good
Manila,Good
Manila,Good
Manila,Good
Manila,Good
Manila,Good
Manila,Good
Manila,Good
Manila,Good
Manila,Good
Manila,Good
Manila,Good
Manila,Good
Manila,Good
Manila,Good
Manila,Good
Manila,Good
Manila,Good
Manila,Good
Manila,Good
Manila,Good
Manila,Good
Manila,Good
Manila,Good
Manila,Good
Manila,Good
Manila,Good
Manila,Good
Manila,Good
Manila,Good
Manila,Good
Manila,Good
Manila,Good
Manila,Good
Manila,Good
Manila,Good
Manila,Good
Manila,Good
Manila,Good
Manila,Good
Manila,Good
Manila,Good
Manila,Defective
Manila,Good
Manila,Good
Manila,Good
Manila,Good
Manila,Good
Manila,Good
Manila,Good
Manila,Good
Manila,Good
Manila,Good
Manila,Good
Manila,Good
Manila,Defective
Manila,Good
Manila,Good
Manila,Good
Manila,Good
Manila,Good
Manila,Good
Manila,Good
Manila,Good
Manila,Good
Manila,Good
Manila,Good
Manila,Good
Manila,Good
Manila,Good
Manila,Good
Manila,Defective
Manila,Defective
Manila,Good
Manila,Good
Manila,Good
Manila,Good
Manila,Good
Manila,Good
Manila,Good
Manila,Good
Manila,Good
Manila,Good
Manila,Good
Manila,Good
Manila,Good
Manila,Good
Manila,Good
Manila,Good
Manila,Good
Manila,Good
Manila,Good
Manila,Good
Manila,Good
Manila,Good
Manila,Good
Manila,Good
Manila,Good
Manila,Good
Manila,Good
Manila,Good
Manila,Good
Manila,Good
Manila,Good
Manila,Good
Manila,Good
Manila,Good
Manila,Good
Manila,Good
Manila,Good
Manila,Good
Manila,Good
Manila,Good
Manila,Defective
Manila,Good
Manila,Good
Manila,Good
Manila,Good
Manila,Good
Manila,Good
Manila,Good
Manila,Good
Manila,Good
Manila,Good
Manila,Good
Manila,Good
Manila,Good
Manila,Good
Manila,Good
Manila,Good
Manila,Good
Manila,Good
Manila,Good
Manila,Good
Manila,Good
Manila,Good
Manila,Good
Manila,Good
Manila,Good
Manila,Good
Manila,Good
Manila,Good
Manila,Good
Manila,Good
Manila,Good
Manila,Good
Manila,Good
Manila,Good
Manila,Good
Manila,Good
Manila,Good
Manila,Good
Manila,Good
Manila,Good
Manila,Good
Manila,Good
Manila,Good
Manila,Defective
Manila,Good
Manila,Good
Manila,Good
Manila,Good
Manila,Good
Manila,Good
Manila,Good
Manila,Good
Manila,Good
Manila,Good
Manila,Good
Manila,Good
Manila,Good
Manila,Good
Manila,Good
Manila,Good
Manila,Good
Manila,Good
Manila,Good
Manila,Good
Manila,Good
Manila,Good
Manila,Good
Manila,Defective
Manila,Good
Manila,Good
Manila,Good
Manila,Good
Manila,Good
Manila,Good
Manila,Good
Manila,Good
Manila,Good
Manila,Good
Manila,Good
Manila,Good
Manila,Good
Manila,Good
Manila,Good
Manila,Good
Manila,Good
Manila,Good
Manila,Good
Manila,Good
Manila,Good
Manila,Good
Manila,Good
Manila,Good
Manila,Good
Manila,Good
Manila,Good
Manila,Good
Manila,Good
Manila,Good
Manila,Good
Manila,Good
Manila,Good
Manila,Good
Manila,Good
Manila,Good
Manila,Good
Manila,Good
Manila,Good
Manila,Good
Manila,Good
Manila,Good
Manila,Good
Manila,Good
Manila,Good
Manila,Good
Manila,Good
Manila,Good
Manila,Good
Manila,Good
Manila,Good
Manila,Good
Manila,Good
Manila,Defective
Manila,Good
Manila,Good
Manila,Good
Manila,Good
Manila,Good
Manila,Good
Manila,Good
Manila,Good
Manila,Good
Manila,Good
Manila,Good
Manila,Good
Manila,Good
Manila,Good
Manila,Good
Manila,Good
Manila,Good
Manila,Good
Manila,Good
Manila,Good
Manila,Good
Manila,Good
Manila,Good
Manila,Good
Manila,Good
Manila,Good
Manila,Good
Manila,Good
Manila,Good
Manila,Good
Manila,Good
Manila,Good
Manila,Good
Manila,Good
Manila,Good
Manila,Good
Manila,Good
Manila,Good
Manila,Good
Manila,Good
Manila,Good
Manila,Good
Manila,Good
Manila,Defective
Manila,Good
Manila,Good
Manila,Good
Manila,Good
Manila,Good
Manila,Good
Manila,Good
Manila,Good
Manila,Good
Manila,Good
Manila,Good
Manila,Good
Manila,Good
Manila,Good
Manila,Good
Manila,Good
Manila,Good
Manila,Good
Manila,Good
Manila,Good
Manila,Good
Manila,Good
Manila,Good
Manila,Good
Manila,Good
Manila,Good
Manila,Good
Manila,Good
Manila,Good
Manila,Good
